Source,Target
-4lgt0xQgYA,EbLB9mZkpqQ
-4lgt0xQgYA,qVi92t54nns
-4lgt0xQgYA,ieiQOJ8W6YU
-4lgt0xQgYA,CYebJBcLZHA
-4lgt0xQgYA,RrW47fEYrwo
-4lgt0xQgYA,mt22NvsTRG0
-4lgt0xQgYA,KGMoyXYicmM
-4lgt0xQgYA,OxN0qnqaYx0
-4lgt0xQgYA,wWIz28q4miE
-4lgt0xQgYA,bGNv0rbeIpU
-4lgt0xQgYA,UQYzXS-S1KQ
-4lgt0xQgYA,QvwTGiB9aLQ
-4lgt0xQgYA,TaEXgTyBtsU
-4lgt0xQgYA,xYShiXMGULE
-4lgt0xQgYA,g1vFoVDKA_c
-4lgt0xQgYA,Dk9uitzdGXQ
-4lgt0xQgYA,o2e2B5wsFsQ
-4lgt0xQgYA,3A5-wv-_QbM
-4lgt0xQgYA,PGnsiru6GiE
-4lgt0xQgYA,ESRAQtXVQL0
-4lgt0xQgYA,cp63c52SOhY
-4lgt0xQgYA,47j4fifbaiY
-4lgt0xQgYA,AsCPBuuguTQ
-4lgt0xQgYA,o9EXoKb7el4
-4lgt0xQgYA,4x4CMDvVI78
-4lgt0xQgYA,6kLYXbNZWRs
-4lgt0xQgYA,LlrXVkl4VTE
-4lgt0xQgYA,dGM_E8T1t_E
-4lgt0xQgYA,zwxWKnUzRq0
-4lgt0xQgYA,wzfSFKMXIDo
-4lgt0xQgYA,OH2R9ObnnRA
0gLWN3uq74o,EW3KD4kqqug
0gLWN3uq74o,nEkWlXGdWKA
0gLWN3uq74o,ZYKUXMAou3Q
0gLWN3uq74o,YGtzcZsthos
0gLWN3uq74o,hbTwoLah2VY
0gLWN3uq74o,DtAmJdK1Jck
0gLWN3uq74o,j1oMVG1ZMlA
0gLWN3uq74o,-4lgt0xQgYA
0gLWN3uq74o,EbLB9mZkpqQ
0gLWN3uq74o,qVi92t54nns
0gLWN3uq74o,ieiQOJ8W6YU
0gLWN3uq74o,CYebJBcLZHA
0gLWN3uq74o,RrW47fEYrwo
0gLWN3uq74o,mt22NvsTRG0
0gLWN3uq74o,KGMoyXYicmM
0gLWN3uq74o,OxN0qnqaYx0
0gLWN3uq74o,wWIz28q4miE
0gLWN3uq74o,bGNv0rbeIpU
0gLWN3uq74o,UQYzXS-S1KQ
0gLWN3uq74o,QvwTGiB9aLQ
0gLWN3uq74o,TaEXgTyBtsU
0gLWN3uq74o,xYShiXMGULE
0gLWN3uq74o,g1vFoVDKA_c
0gLWN3uq74o,Dk9uitzdGXQ
0gLWN3uq74o,o2e2B5wsFsQ
3A5-wv-_QbM,PGnsiru6GiE
3A5-wv-_QbM,ESRAQtXVQL0
3A5-wv-_QbM,cp63c52SOhY
3A5-wv-_QbM,47j4fifbaiY
3A5-wv-_QbM,AsCPBuuguTQ
3A5-wv-_QbM,o9EXoKb7el4
3A5-wv-_QbM,4x4CMDvVI78
3A5-wv-_QbM,6kLYXbNZWRs
3A5-wv-_QbM,LlrXVkl4VTE
3A5-wv-_QbM,dGM_E8T1t_E
3A5-wv-_QbM,zwxWKnUzRq0
3A5-wv-_QbM,wzfSFKMXIDo
3A5-wv-_QbM,OH2R9ObnnRA
3A5-wv-_QbM,UOAWps8djuQ
3A5-wv-_QbM,eIns8Y0xegE
3A5-wv-_QbM,Ed3wQVhyJUc
3A5-wv-_QbM,hV23YfxzTMA
3A5-wv-_QbM,Pc1Obe1BWhc
3A5-wv-_QbM,mdnkDgLkQGM
3A5-wv-_QbM,UQniNh_6LOY
3A5-wv-_QbM,mn1-mtmO0Cg
47j4fifbaiY,AsCPBuuguTQ
47j4fifbaiY,o9EXoKb7el4
47j4fifbaiY,4x4CMDvVI78
47j4fifbaiY,6kLYXbNZWRs
47j4fifbaiY,LlrXVkl4VTE
47j4fifbaiY,dGM_E8T1t_E
47j4fifbaiY,zwxWKnUzRq0
47j4fifbaiY,wzfSFKMXIDo
47j4fifbaiY,OH2R9ObnnRA
47j4fifbaiY,UOAWps8djuQ
47j4fifbaiY,eIns8Y0xegE
47j4fifbaiY,Ed3wQVhyJUc
47j4fifbaiY,hV23YfxzTMA
47j4fifbaiY,Pc1Obe1BWhc
47j4fifbaiY,mdnkDgLkQGM
47j4fifbaiY,UQniNh_6LOY
47j4fifbaiY,mn1-mtmO0Cg
47j4fifbaiY,0jmDHoPUGKI
6dIjeUB51-s,BqD0umu1mRA
6dIjeUB51-s,Qrl3bU1-vvE
6dIjeUB51-s,p1DAEZNyJ8E
6dIjeUB51-s,ENDfYD-4giE
6dIjeUB51-s,XYQmNB9FMcE
6dIjeUB51-s,obRG-2jurz0
6dIjeUB51-s,pwGbwYAfSmg
6dIjeUB51-s,0gLWN3uq74o
6dIjeUB51-s,EW3KD4kqqug
6dIjeUB51-s,nEkWlXGdWKA
6dIjeUB51-s,ZYKUXMAou3Q
6dIjeUB51-s,YGtzcZsthos
6dIjeUB51-s,hbTwoLah2VY
6dIjeUB51-s,DtAmJdK1Jck
AsCPBuuguTQ,o9EXoKb7el4
AsCPBuuguTQ,4x4CMDvVI78
AsCPBuuguTQ,6kLYXbNZWRs
AsCPBuuguTQ,LlrXVkl4VTE
AsCPBuuguTQ,dGM_E8T1t_E
AsCPBuuguTQ,zwxWKnUzRq0
AsCPBuuguTQ,wzfSFKMXIDo
AsCPBuuguTQ,OH2R9ObnnRA
AsCPBuuguTQ,UOAWps8djuQ
AsCPBuuguTQ,eIns8Y0xegE
AsCPBuuguTQ,Ed3wQVhyJUc
AsCPBuuguTQ,hV23YfxzTMA
AsCPBuuguTQ,Pc1Obe1BWhc
AsCPBuuguTQ,mdnkDgLkQGM
AsCPBuuguTQ,UQniNh_6LOY
AsCPBuuguTQ,mn1-mtmO0Cg
AsCPBuuguTQ,0jmDHoPUGKI
AsCPBuuguTQ,aLSG3178eD4
BplJQtpfero,WA0Ek8RT20s
BplJQtpfero,HnCU20Cu0fs
BplJQtpfero,Tz50vEX0nwE
BplJQtpfero,rbRoZyuOijk
BplJQtpfero,6dIjeUB51-s
BplJQtpfero,BqD0umu1mRA
BplJQtpfero,Qrl3bU1-vvE
BplJQtpfero,p1DAEZNyJ8E
BplJQtpfero,ENDfYD-4giE
BplJQtpfero,XYQmNB9FMcE
BplJQtpfero,obRG-2jurz0
BplJQtpfero,pwGbwYAfSmg
BplJQtpfero,0gLWN3uq74o
BplJQtpfero,EW3KD4kqqug
BplJQtpfero,nEkWlXGdWKA
BplJQtpfero,ZYKUXMAou3Q
BqD0umu1mRA,Qrl3bU1-vvE
BqD0umu1mRA,p1DAEZNyJ8E
BqD0umu1mRA,ENDfYD-4giE
BqD0umu1mRA,XYQmNB9FMcE
BqD0umu1mRA,obRG-2jurz0
BqD0umu1mRA,pwGbwYAfSmg
BqD0umu1mRA,0gLWN3uq74o
BqD0umu1mRA,EW3KD4kqqug
BqD0umu1mRA,nEkWlXGdWKA
BqD0umu1mRA,ZYKUXMAou3Q
BqD0umu1mRA,YGtzcZsthos
BqD0umu1mRA,hbTwoLah2VY
BqD0umu1mRA,DtAmJdK1Jck
CYebJBcLZHA,RrW47fEYrwo
CYebJBcLZHA,mt22NvsTRG0
CYebJBcLZHA,KGMoyXYicmM
CYebJBcLZHA,OxN0qnqaYx0
CYebJBcLZHA,wWIz28q4miE
CYebJBcLZHA,bGNv0rbeIpU
CYebJBcLZHA,UQYzXS-S1KQ
CYebJBcLZHA,QvwTGiB9aLQ
CYebJBcLZHA,TaEXgTyBtsU
CYebJBcLZHA,xYShiXMGULE
CYebJBcLZHA,g1vFoVDKA_c
CYebJBcLZHA,Dk9uitzdGXQ
CYebJBcLZHA,o2e2B5wsFsQ
CYebJBcLZHA,3A5-wv-_QbM
CYebJBcLZHA,PGnsiru6GiE
CYebJBcLZHA,ESRAQtXVQL0
CYebJBcLZHA,cp63c52SOhY
CYebJBcLZHA,47j4fifbaiY
CYebJBcLZHA,AsCPBuuguTQ
CYebJBcLZHA,o9EXoKb7el4
CYebJBcLZHA,4x4CMDvVI78
CYebJBcLZHA,6kLYXbNZWRs
CYebJBcLZHA,LlrXVkl4VTE
CYebJBcLZHA,dGM_E8T1t_E
CYebJBcLZHA,zwxWKnUzRq0
CYebJBcLZHA,wzfSFKMXIDo
CYebJBcLZHA,OH2R9ObnnRA
CYebJBcLZHA,UOAWps8djuQ
CYebJBcLZHA,eIns8Y0xegE
CYebJBcLZHA,Ed3wQVhyJUc
CYebJBcLZHA,hV23YfxzTMA
CYebJBcLZHA,Pc1Obe1BWhc
Dk9uitzdGXQ,o2e2B5wsFsQ
Dk9uitzdGXQ,3A5-wv-_QbM
Dk9uitzdGXQ,PGnsiru6GiE
Dk9uitzdGXQ,ESRAQtXVQL0
Dk9uitzdGXQ,cp63c52SOhY
Dk9uitzdGXQ,47j4fifbaiY
Dk9uitzdGXQ,AsCPBuuguTQ
Dk9uitzdGXQ,o9EXoKb7el4
Dk9uitzdGXQ,4x4CMDvVI78
Dk9uitzdGXQ,6kLYXbNZWRs
Dk9uitzdGXQ,LlrXVkl4VTE
Dk9uitzdGXQ,dGM_E8T1t_E
Dk9uitzdGXQ,zwxWKnUzRq0
Dk9uitzdGXQ,wzfSFKMXIDo
Dk9uitzdGXQ,OH2R9ObnnRA
Dk9uitzdGXQ,UOAWps8djuQ
Dk9uitzdGXQ,eIns8Y0xegE
Dk9uitzdGXQ,Ed3wQVhyJUc
Dk9uitzdGXQ,hV23YfxzTMA
Dk9uitzdGXQ,Pc1Obe1BWhc
Dk9uitzdGXQ,mdnkDgLkQGM
Dk9uitzdGXQ,UQniNh_6LOY
Dk9uitzdGXQ,mn1-mtmO0Cg
DtAmJdK1Jck,j1oMVG1ZMlA
DtAmJdK1Jck,-4lgt0xQgYA
DtAmJdK1Jck,EbLB9mZkpqQ
DtAmJdK1Jck,qVi92t54nns
DtAmJdK1Jck,ieiQOJ8W6YU
DtAmJdK1Jck,CYebJBcLZHA
DtAmJdK1Jck,RrW47fEYrwo
DtAmJdK1Jck,mt22NvsTRG0
DtAmJdK1Jck,KGMoyXYicmM
DtAmJdK1Jck,OxN0qnqaYx0
DtAmJdK1Jck,wWIz28q4miE
DtAmJdK1Jck,bGNv0rbeIpU
DtAmJdK1Jck,UQYzXS-S1KQ
DtAmJdK1Jck,QvwTGiB9aLQ
DtAmJdK1Jck,TaEXgTyBtsU
DtAmJdK1Jck,xYShiXMGULE
DtAmJdK1Jck,g1vFoVDKA_c
DtAmJdK1Jck,Dk9uitzdGXQ
DtAmJdK1Jck,o2e2B5wsFsQ
DtAmJdK1Jck,3A5-wv-_QbM
DtAmJdK1Jck,PGnsiru6GiE
DtAmJdK1Jck,ESRAQtXVQL0
DtAmJdK1Jck,cp63c52SOhY
DtAmJdK1Jck,47j4fifbaiY
DtAmJdK1Jck,AsCPBuuguTQ
DtAmJdK1Jck,o9EXoKb7el4
DtAmJdK1Jck,4x4CMDvVI78
DtAmJdK1Jck,6kLYXbNZWRs
DtAmJdK1Jck,LlrXVkl4VTE
DtAmJdK1Jck,dGM_E8T1t_E
DtAmJdK1Jck,zwxWKnUzRq0
ENDfYD-4giE,XYQmNB9FMcE
ENDfYD-4giE,obRG-2jurz0
ENDfYD-4giE,pwGbwYAfSmg
ENDfYD-4giE,0gLWN3uq74o
ENDfYD-4giE,EW3KD4kqqug
ENDfYD-4giE,nEkWlXGdWKA
ENDfYD-4giE,ZYKUXMAou3Q
ENDfYD-4giE,YGtzcZsthos
ENDfYD-4giE,hbTwoLah2VY
ENDfYD-4giE,DtAmJdK1Jck
ENDfYD-4giE,j1oMVG1ZMlA
ENDfYD-4giE,-4lgt0xQgYA
ENDfYD-4giE,EbLB9mZkpqQ
ENDfYD-4giE,qVi92t54nns
ENDfYD-4giE,ieiQOJ8W6YU
ENDfYD-4giE,CYebJBcLZHA
ENDfYD-4giE,RrW47fEYrwo
ENDfYD-4giE,mt22NvsTRG0
ENDfYD-4giE,KGMoyXYicmM
ENDfYD-4giE,OxN0qnqaYx0
ENDfYD-4giE,wWIz28q4miE
ENDfYD-4giE,bGNv0rbeIpU
ENDfYD-4giE,UQYzXS-S1KQ
ESRAQtXVQL0,cp63c52SOhY
ESRAQtXVQL0,47j4fifbaiY
ESRAQtXVQL0,AsCPBuuguTQ
ESRAQtXVQL0,o9EXoKb7el4
ESRAQtXVQL0,4x4CMDvVI78
ESRAQtXVQL0,6kLYXbNZWRs
ESRAQtXVQL0,LlrXVkl4VTE
ESRAQtXVQL0,dGM_E8T1t_E
ESRAQtXVQL0,zwxWKnUzRq0
ESRAQtXVQL0,wzfSFKMXIDo
ESRAQtXVQL0,OH2R9ObnnRA
ESRAQtXVQL0,UOAWps8djuQ
ESRAQtXVQL0,eIns8Y0xegE
ESRAQtXVQL0,Ed3wQVhyJUc
ESRAQtXVQL0,hV23YfxzTMA
ESRAQtXVQL0,Pc1Obe1BWhc
ESRAQtXVQL0,mdnkDgLkQGM
ESRAQtXVQL0,UQniNh_6LOY
ESRAQtXVQL0,mn1-mtmO0Cg
ESRAQtXVQL0,0jmDHoPUGKI
EW3KD4kqqug,nEkWlXGdWKA
EW3KD4kqqug,ZYKUXMAou3Q
EW3KD4kqqug,YGtzcZsthos
EW3KD4kqqug,hbTwoLah2VY
EW3KD4kqqug,DtAmJdK1Jck
EW3KD4kqqug,j1oMVG1ZMlA
EW3KD4kqqug,-4lgt0xQgYA
EW3KD4kqqug,EbLB9mZkpqQ
EW3KD4kqqug,qVi92t54nns
EW3KD4kqqug,ieiQOJ8W6YU
EW3KD4kqqug,CYebJBcLZHA
EW3KD4kqqug,RrW47fEYrwo
EW3KD4kqqug,mt22NvsTRG0
EW3KD4kqqug,KGMoyXYicmM
EW3KD4kqqug,OxN0qnqaYx0
EW3KD4kqqug,wWIz28q4miE
EW3KD4kqqug,bGNv0rbeIpU
EW3KD4kqqug,UQYzXS-S1KQ
EW3KD4kqqug,QvwTGiB9aLQ
EW3KD4kqqug,TaEXgTyBtsU
EW3KD4kqqug,xYShiXMGULE
EW3KD4kqqug,g1vFoVDKA_c
EW3KD4kqqug,Dk9uitzdGXQ
EW3KD4kqqug,o2e2B5wsFsQ
EbLB9mZkpqQ,qVi92t54nns
EbLB9mZkpqQ,ieiQOJ8W6YU
EbLB9mZkpqQ,CYebJBcLZHA
EbLB9mZkpqQ,RrW47fEYrwo
EbLB9mZkpqQ,mt22NvsTRG0
EbLB9mZkpqQ,KGMoyXYicmM
EbLB9mZkpqQ,OxN0qnqaYx0
EbLB9mZkpqQ,wWIz28q4miE
EbLB9mZkpqQ,bGNv0rbeIpU
EbLB9mZkpqQ,UQYzXS-S1KQ
EbLB9mZkpqQ,QvwTGiB9aLQ
EbLB9mZkpqQ,TaEXgTyBtsU
EbLB9mZkpqQ,xYShiXMGULE
EbLB9mZkpqQ,g1vFoVDKA_c
EbLB9mZkpqQ,Dk9uitzdGXQ
EbLB9mZkpqQ,o2e2B5wsFsQ
EbLB9mZkpqQ,3A5-wv-_QbM
EbLB9mZkpqQ,PGnsiru6GiE
EbLB9mZkpqQ,ESRAQtXVQL0
EbLB9mZkpqQ,cp63c52SOhY
EbLB9mZkpqQ,47j4fifbaiY
EbLB9mZkpqQ,AsCPBuuguTQ
EbLB9mZkpqQ,o9EXoKb7el4
EbLB9mZkpqQ,4x4CMDvVI78
EbLB9mZkpqQ,6kLYXbNZWRs
EbLB9mZkpqQ,LlrXVkl4VTE
EbLB9mZkpqQ,dGM_E8T1t_E
EbLB9mZkpqQ,zwxWKnUzRq0
EbLB9mZkpqQ,wzfSFKMXIDo
EbLB9mZkpqQ,OH2R9ObnnRA
EbLB9mZkpqQ,UOAWps8djuQ
EbLB9mZkpqQ,eIns8Y0xegE
EbLB9mZkpqQ,Ed3wQVhyJUc
EbLB9mZkpqQ,hV23YfxzTMA
HnCU20Cu0fs,Tz50vEX0nwE
HnCU20Cu0fs,rbRoZyuOijk
HnCU20Cu0fs,6dIjeUB51-s
HnCU20Cu0fs,BqD0umu1mRA
HnCU20Cu0fs,Qrl3bU1-vvE
HnCU20Cu0fs,p1DAEZNyJ8E
HnCU20Cu0fs,ENDfYD-4giE
HnCU20Cu0fs,XYQmNB9FMcE
HnCU20Cu0fs,obRG-2jurz0
HnCU20Cu0fs,pwGbwYAfSmg
HnCU20Cu0fs,0gLWN3uq74o
HnCU20Cu0fs,EW3KD4kqqug
HnCU20Cu0fs,nEkWlXGdWKA
HnCU20Cu0fs,ZYKUXMAou3Q
KGMoyXYicmM,OxN0qnqaYx0
KGMoyXYicmM,wWIz28q4miE
KGMoyXYicmM,bGNv0rbeIpU
KGMoyXYicmM,UQYzXS-S1KQ
KGMoyXYicmM,QvwTGiB9aLQ
KGMoyXYicmM,TaEXgTyBtsU
KGMoyXYicmM,xYShiXMGULE
KGMoyXYicmM,g1vFoVDKA_c
KGMoyXYicmM,Dk9uitzdGXQ
KGMoyXYicmM,o2e2B5wsFsQ
KGMoyXYicmM,3A5-wv-_QbM
KGMoyXYicmM,PGnsiru6GiE
KGMoyXYicmM,ESRAQtXVQL0
KGMoyXYicmM,cp63c52SOhY
KGMoyXYicmM,47j4fifbaiY
KGMoyXYicmM,AsCPBuuguTQ
KGMoyXYicmM,o9EXoKb7el4
KGMoyXYicmM,4x4CMDvVI78
KGMoyXYicmM,6kLYXbNZWRs
KGMoyXYicmM,LlrXVkl4VTE
KGMoyXYicmM,dGM_E8T1t_E
KGMoyXYicmM,zwxWKnUzRq0
KGMoyXYicmM,wzfSFKMXIDo
KGMoyXYicmM,OH2R9ObnnRA
KGMoyXYicmM,UOAWps8djuQ
KGMoyXYicmM,eIns8Y0xegE
KGMoyXYicmM,Ed3wQVhyJUc
KGMoyXYicmM,hV23YfxzTMA
KGMoyXYicmM,Pc1Obe1BWhc
KGMoyXYicmM,mdnkDgLkQGM
OxN0qnqaYx0,wWIz28q4miE
OxN0qnqaYx0,bGNv0rbeIpU
OxN0qnqaYx0,UQYzXS-S1KQ
OxN0qnqaYx0,QvwTGiB9aLQ
OxN0qnqaYx0,TaEXgTyBtsU
OxN0qnqaYx0,xYShiXMGULE
OxN0qnqaYx0,g1vFoVDKA_c
OxN0qnqaYx0,Dk9uitzdGXQ
OxN0qnqaYx0,o2e2B5wsFsQ
OxN0qnqaYx0,3A5-wv-_QbM
OxN0qnqaYx0,PGnsiru6GiE
OxN0qnqaYx0,ESRAQtXVQL0
OxN0qnqaYx0,cp63c52SOhY
OxN0qnqaYx0,47j4fifbaiY
OxN0qnqaYx0,AsCPBuuguTQ
OxN0qnqaYx0,o9EXoKb7el4
OxN0qnqaYx0,4x4CMDvVI78
OxN0qnqaYx0,6kLYXbNZWRs
OxN0qnqaYx0,LlrXVkl4VTE
OxN0qnqaYx0,dGM_E8T1t_E
OxN0qnqaYx0,zwxWKnUzRq0
OxN0qnqaYx0,wzfSFKMXIDo
OxN0qnqaYx0,OH2R9ObnnRA
OxN0qnqaYx0,UOAWps8djuQ
OxN0qnqaYx0,eIns8Y0xegE
OxN0qnqaYx0,Ed3wQVhyJUc
OxN0qnqaYx0,hV23YfxzTMA
OxN0qnqaYx0,Pc1Obe1BWhc
OxN0qnqaYx0,mdnkDgLkQGM
PGnsiru6GiE,ESRAQtXVQL0
PGnsiru6GiE,cp63c52SOhY
PGnsiru6GiE,47j4fifbaiY
PGnsiru6GiE,AsCPBuuguTQ
PGnsiru6GiE,o9EXoKb7el4
PGnsiru6GiE,4x4CMDvVI78
PGnsiru6GiE,6kLYXbNZWRs
PGnsiru6GiE,LlrXVkl4VTE
PGnsiru6GiE,dGM_E8T1t_E
PGnsiru6GiE,zwxWKnUzRq0
PGnsiru6GiE,wzfSFKMXIDo
PGnsiru6GiE,OH2R9ObnnRA
PGnsiru6GiE,UOAWps8djuQ
PGnsiru6GiE,eIns8Y0xegE
PGnsiru6GiE,Ed3wQVhyJUc
PGnsiru6GiE,hV23YfxzTMA
PGnsiru6GiE,Pc1Obe1BWhc
PGnsiru6GiE,mdnkDgLkQGM
PGnsiru6GiE,UQniNh_6LOY
PGnsiru6GiE,mn1-mtmO0Cg
Qrl3bU1-vvE,p1DAEZNyJ8E
Qrl3bU1-vvE,ENDfYD-4giE
Qrl3bU1-vvE,XYQmNB9FMcE
Qrl3bU1-vvE,obRG-2jurz0
Qrl3bU1-vvE,pwGbwYAfSmg
Qrl3bU1-vvE,0gLWN3uq74o
Qrl3bU1-vvE,EW3KD4kqqug
Qrl3bU1-vvE,nEkWlXGdWKA
Qrl3bU1-vvE,ZYKUXMAou3Q
Qrl3bU1-vvE,YGtzcZsthos
Qrl3bU1-vvE,hbTwoLah2VY
Qrl3bU1-vvE,DtAmJdK1Jck
Qrl3bU1-vvE,j1oMVG1ZMlA
Qrl3bU1-vvE,-4lgt0xQgYA
QvwTGiB9aLQ,TaEXgTyBtsU
QvwTGiB9aLQ,xYShiXMGULE
QvwTGiB9aLQ,g1vFoVDKA_c
QvwTGiB9aLQ,Dk9uitzdGXQ
QvwTGiB9aLQ,o2e2B5wsFsQ
QvwTGiB9aLQ,3A5-wv-_QbM
QvwTGiB9aLQ,PGnsiru6GiE
QvwTGiB9aLQ,ESRAQtXVQL0
QvwTGiB9aLQ,cp63c52SOhY
QvwTGiB9aLQ,47j4fifbaiY
QvwTGiB9aLQ,AsCPBuuguTQ
QvwTGiB9aLQ,o9EXoKb7el4
QvwTGiB9aLQ,4x4CMDvVI78
QvwTGiB9aLQ,6kLYXbNZWRs
QvwTGiB9aLQ,LlrXVkl4VTE
QvwTGiB9aLQ,dGM_E8T1t_E
QvwTGiB9aLQ,zwxWKnUzRq0
QvwTGiB9aLQ,wzfSFKMXIDo
QvwTGiB9aLQ,OH2R9ObnnRA
QvwTGiB9aLQ,UOAWps8djuQ
QvwTGiB9aLQ,eIns8Y0xegE
QvwTGiB9aLQ,Ed3wQVhyJUc
QvwTGiB9aLQ,hV23YfxzTMA
QvwTGiB9aLQ,Pc1Obe1BWhc
QvwTGiB9aLQ,mdnkDgLkQGM
QvwTGiB9aLQ,UQniNh_6LOY
RQZr2NgKPiU,p1DAEZNyJ8E
RQZr2NgKPiU,BplJQtpfero
RQZr2NgKPiU,WA0Ek8RT20s
RQZr2NgKPiU,HnCU20Cu0fs
RQZr2NgKPiU,Tz50vEX0nwE
RQZr2NgKPiU,rbRoZyuOijk
RQZr2NgKPiU,6dIjeUB51-s
RQZr2NgKPiU,BqD0umu1mRA
RQZr2NgKPiU,Qrl3bU1-vvE
RQZr2NgKPiU,p1DAEZNyJ8E
RrW47fEYrwo,mt22NvsTRG0
RrW47fEYrwo,KGMoyXYicmM
RrW47fEYrwo,OxN0qnqaYx0
RrW47fEYrwo,wWIz28q4miE
RrW47fEYrwo,bGNv0rbeIpU
RrW47fEYrwo,UQYzXS-S1KQ
RrW47fEYrwo,QvwTGiB9aLQ
RrW47fEYrwo,TaEXgTyBtsU
RrW47fEYrwo,xYShiXMGULE
RrW47fEYrwo,g1vFoVDKA_c
RrW47fEYrwo,Dk9uitzdGXQ
RrW47fEYrwo,o2e2B5wsFsQ
RrW47fEYrwo,3A5-wv-_QbM
RrW47fEYrwo,PGnsiru6GiE
RrW47fEYrwo,ESRAQtXVQL0
RrW47fEYrwo,cp63c52SOhY
RrW47fEYrwo,47j4fifbaiY
RrW47fEYrwo,AsCPBuuguTQ
RrW47fEYrwo,o9EXoKb7el4
RrW47fEYrwo,4x4CMDvVI78
RrW47fEYrwo,6kLYXbNZWRs
RrW47fEYrwo,LlrXVkl4VTE
RrW47fEYrwo,dGM_E8T1t_E
RrW47fEYrwo,zwxWKnUzRq0
RrW47fEYrwo,wzfSFKMXIDo
RrW47fEYrwo,OH2R9ObnnRA
RrW47fEYrwo,UOAWps8djuQ
RrW47fEYrwo,eIns8Y0xegE
RrW47fEYrwo,Ed3wQVhyJUc
RrW47fEYrwo,hV23YfxzTMA
RrW47fEYrwo,Pc1Obe1BWhc
TaEXgTyBtsU,xYShiXMGULE
TaEXgTyBtsU,g1vFoVDKA_c
TaEXgTyBtsU,Dk9uitzdGXQ
TaEXgTyBtsU,o2e2B5wsFsQ
TaEXgTyBtsU,3A5-wv-_QbM
TaEXgTyBtsU,PGnsiru6GiE
TaEXgTyBtsU,ESRAQtXVQL0
TaEXgTyBtsU,cp63c52SOhY
TaEXgTyBtsU,47j4fifbaiY
TaEXgTyBtsU,AsCPBuuguTQ
TaEXgTyBtsU,o9EXoKb7el4
TaEXgTyBtsU,4x4CMDvVI78
TaEXgTyBtsU,6kLYXbNZWRs
TaEXgTyBtsU,LlrXVkl4VTE
TaEXgTyBtsU,dGM_E8T1t_E
TaEXgTyBtsU,zwxWKnUzRq0
TaEXgTyBtsU,wzfSFKMXIDo
TaEXgTyBtsU,OH2R9ObnnRA
TaEXgTyBtsU,UOAWps8djuQ
TaEXgTyBtsU,eIns8Y0xegE
TaEXgTyBtsU,Ed3wQVhyJUc
TaEXgTyBtsU,hV23YfxzTMA
TaEXgTyBtsU,Pc1Obe1BWhc
TaEXgTyBtsU,mdnkDgLkQGM
TaEXgTyBtsU,UQniNh_6LOY
Tz50vEX0nwE,rbRoZyuOijk
Tz50vEX0nwE,6dIjeUB51-s
Tz50vEX0nwE,BqD0umu1mRA
Tz50vEX0nwE,Qrl3bU1-vvE
Tz50vEX0nwE,p1DAEZNyJ8E
Tz50vEX0nwE,ENDfYD-4giE
Tz50vEX0nwE,XYQmNB9FMcE
Tz50vEX0nwE,obRG-2jurz0
Tz50vEX0nwE,pwGbwYAfSmg
Tz50vEX0nwE,0gLWN3uq74o
Tz50vEX0nwE,EW3KD4kqqug
Tz50vEX0nwE,nEkWlXGdWKA
Tz50vEX0nwE,ZYKUXMAou3Q
Tz50vEX0nwE,YGtzcZsthos
UQYzXS-S1KQ,QvwTGiB9aLQ
UQYzXS-S1KQ,TaEXgTyBtsU
UQYzXS-S1KQ,xYShiXMGULE
UQYzXS-S1KQ,g1vFoVDKA_c
UQYzXS-S1KQ,Dk9uitzdGXQ
UQYzXS-S1KQ,o2e2B5wsFsQ
UQYzXS-S1KQ,3A5-wv-_QbM
UQYzXS-S1KQ,PGnsiru6GiE
UQYzXS-S1KQ,ESRAQtXVQL0
UQYzXS-S1KQ,cp63c52SOhY
UQYzXS-S1KQ,47j4fifbaiY
UQYzXS-S1KQ,AsCPBuuguTQ
UQYzXS-S1KQ,o9EXoKb7el4
UQYzXS-S1KQ,4x4CMDvVI78
UQYzXS-S1KQ,6kLYXbNZWRs
UQYzXS-S1KQ,LlrXVkl4VTE
UQYzXS-S1KQ,dGM_E8T1t_E
UQYzXS-S1KQ,zwxWKnUzRq0
UQYzXS-S1KQ,wzfSFKMXIDo
UQYzXS-S1KQ,OH2R9ObnnRA
UQYzXS-S1KQ,UOAWps8djuQ
UQYzXS-S1KQ,eIns8Y0xegE
UQYzXS-S1KQ,Ed3wQVhyJUc
UQYzXS-S1KQ,hV23YfxzTMA
UQYzXS-S1KQ,Pc1Obe1BWhc
UQYzXS-S1KQ,mdnkDgLkQGM
UQYzXS-S1KQ,UQniNh_6LOY
WA0Ek8RT20s,HnCU20Cu0fs
WA0Ek8RT20s,Tz50vEX0nwE
WA0Ek8RT20s,rbRoZyuOijk
WA0Ek8RT20s,6dIjeUB51-s
WA0Ek8RT20s,BqD0umu1mRA
WA0Ek8RT20s,Qrl3bU1-vvE
WA0Ek8RT20s,p1DAEZNyJ8E
WA0Ek8RT20s,ENDfYD-4giE
WA0Ek8RT20s,XYQmNB9FMcE
WA0Ek8RT20s,obRG-2jurz0
WA0Ek8RT20s,pwGbwYAfSmg
WA0Ek8RT20s,0gLWN3uq74o
WA0Ek8RT20s,EW3KD4kqqug
WA0Ek8RT20s,nEkWlXGdWKA
WA0Ek8RT20s,ZYKUXMAou3Q
XYQmNB9FMcE,obRG-2jurz0
XYQmNB9FMcE,pwGbwYAfSmg
XYQmNB9FMcE,0gLWN3uq74o
XYQmNB9FMcE,EW3KD4kqqug
XYQmNB9FMcE,nEkWlXGdWKA
XYQmNB9FMcE,ZYKUXMAou3Q
XYQmNB9FMcE,YGtzcZsthos
XYQmNB9FMcE,hbTwoLah2VY
XYQmNB9FMcE,DtAmJdK1Jck
XYQmNB9FMcE,j1oMVG1ZMlA
XYQmNB9FMcE,-4lgt0xQgYA
XYQmNB9FMcE,EbLB9mZkpqQ
XYQmNB9FMcE,qVi92t54nns
XYQmNB9FMcE,ieiQOJ8W6YU
XYQmNB9FMcE,CYebJBcLZHA
XYQmNB9FMcE,RrW47fEYrwo
XYQmNB9FMcE,mt22NvsTRG0
XYQmNB9FMcE,KGMoyXYicmM
XYQmNB9FMcE,OxN0qnqaYx0
XYQmNB9FMcE,wWIz28q4miE
XYQmNB9FMcE,bGNv0rbeIpU
XYQmNB9FMcE,UQYzXS-S1KQ
XYQmNB9FMcE,QvwTGiB9aLQ
XYQmNB9FMcE,TaEXgTyBtsU
XYQmNB9FMcE,xYShiXMGULE
XYQmNB9FMcE,g1vFoVDKA_c
XYQmNB9FMcE,Dk9uitzdGXQ
YGtzcZsthos,hbTwoLah2VY
YGtzcZsthos,DtAmJdK1Jck
YGtzcZsthos,j1oMVG1ZMlA
YGtzcZsthos,-4lgt0xQgYA
YGtzcZsthos,EbLB9mZkpqQ
YGtzcZsthos,qVi92t54nns
YGtzcZsthos,ieiQOJ8W6YU
YGtzcZsthos,CYebJBcLZHA
YGtzcZsthos,RrW47fEYrwo
YGtzcZsthos,mt22NvsTRG0
YGtzcZsthos,KGMoyXYicmM
YGtzcZsthos,OxN0qnqaYx0
YGtzcZsthos,wWIz28q4miE
YGtzcZsthos,bGNv0rbeIpU
YGtzcZsthos,UQYzXS-S1KQ
YGtzcZsthos,QvwTGiB9aLQ
YGtzcZsthos,TaEXgTyBtsU
YGtzcZsthos,xYShiXMGULE
YGtzcZsthos,g1vFoVDKA_c
YGtzcZsthos,Dk9uitzdGXQ
YGtzcZsthos,o2e2B5wsFsQ
YGtzcZsthos,3A5-wv-_QbM
YGtzcZsthos,PGnsiru6GiE
ZYKUXMAou3Q,YGtzcZsthos
ZYKUXMAou3Q,hbTwoLah2VY
ZYKUXMAou3Q,DtAmJdK1Jck
ZYKUXMAou3Q,j1oMVG1ZMlA
ZYKUXMAou3Q,-4lgt0xQgYA
ZYKUXMAou3Q,EbLB9mZkpqQ
ZYKUXMAou3Q,qVi92t54nns
ZYKUXMAou3Q,ieiQOJ8W6YU
ZYKUXMAou3Q,CYebJBcLZHA
ZYKUXMAou3Q,RrW47fEYrwo
ZYKUXMAou3Q,mt22NvsTRG0
ZYKUXMAou3Q,KGMoyXYicmM
ZYKUXMAou3Q,OxN0qnqaYx0
ZYKUXMAou3Q,wWIz28q4miE
ZYKUXMAou3Q,bGNv0rbeIpU
ZYKUXMAou3Q,UQYzXS-S1KQ
ZYKUXMAou3Q,QvwTGiB9aLQ
ZYKUXMAou3Q,TaEXgTyBtsU
ZYKUXMAou3Q,xYShiXMGULE
ZYKUXMAou3Q,g1vFoVDKA_c
ZYKUXMAou3Q,Dk9uitzdGXQ
ZYKUXMAou3Q,o2e2B5wsFsQ
bGNv0rbeIpU,UQYzXS-S1KQ
bGNv0rbeIpU,QvwTGiB9aLQ
bGNv0rbeIpU,TaEXgTyBtsU
bGNv0rbeIpU,xYShiXMGULE
bGNv0rbeIpU,g1vFoVDKA_c
bGNv0rbeIpU,Dk9uitzdGXQ
bGNv0rbeIpU,o2e2B5wsFsQ
bGNv0rbeIpU,3A5-wv-_QbM
bGNv0rbeIpU,PGnsiru6GiE
bGNv0rbeIpU,ESRAQtXVQL0
bGNv0rbeIpU,cp63c52SOhY
bGNv0rbeIpU,47j4fifbaiY
bGNv0rbeIpU,AsCPBuuguTQ
bGNv0rbeIpU,o9EXoKb7el4
bGNv0rbeIpU,4x4CMDvVI78
bGNv0rbeIpU,6kLYXbNZWRs
bGNv0rbeIpU,LlrXVkl4VTE
bGNv0rbeIpU,dGM_E8T1t_E
bGNv0rbeIpU,zwxWKnUzRq0
bGNv0rbeIpU,wzfSFKMXIDo
bGNv0rbeIpU,OH2R9ObnnRA
bGNv0rbeIpU,UOAWps8djuQ
bGNv0rbeIpU,eIns8Y0xegE
bGNv0rbeIpU,Ed3wQVhyJUc
bGNv0rbeIpU,hV23YfxzTMA
bGNv0rbeIpU,Pc1Obe1BWhc
bGNv0rbeIpU,mdnkDgLkQGM
cp63c52SOhY,47j4fifbaiY
cp63c52SOhY,AsCPBuuguTQ
cp63c52SOhY,o9EXoKb7el4
cp63c52SOhY,4x4CMDvVI78
cp63c52SOhY,6kLYXbNZWRs
cp63c52SOhY,LlrXVkl4VTE
cp63c52SOhY,dGM_E8T1t_E
cp63c52SOhY,zwxWKnUzRq0
cp63c52SOhY,wzfSFKMXIDo
cp63c52SOhY,OH2R9ObnnRA
cp63c52SOhY,UOAWps8djuQ
cp63c52SOhY,eIns8Y0xegE
cp63c52SOhY,Ed3wQVhyJUc
cp63c52SOhY,hV23YfxzTMA
cp63c52SOhY,Pc1Obe1BWhc
cp63c52SOhY,mdnkDgLkQGM
cp63c52SOhY,UQniNh_6LOY
cp63c52SOhY,mn1-mtmO0Cg
cp63c52SOhY,0jmDHoPUGKI
g1vFoVDKA_c,Dk9uitzdGXQ
g1vFoVDKA_c,o2e2B5wsFsQ
g1vFoVDKA_c,3A5-wv-_QbM
g1vFoVDKA_c,PGnsiru6GiE
g1vFoVDKA_c,ESRAQtXVQL0
g1vFoVDKA_c,cp63c52SOhY
g1vFoVDKA_c,47j4fifbaiY
g1vFoVDKA_c,AsCPBuuguTQ
g1vFoVDKA_c,o9EXoKb7el4
g1vFoVDKA_c,4x4CMDvVI78
g1vFoVDKA_c,6kLYXbNZWRs
g1vFoVDKA_c,LlrXVkl4VTE
g1vFoVDKA_c,dGM_E8T1t_E
g1vFoVDKA_c,zwxWKnUzRq0
g1vFoVDKA_c,wzfSFKMXIDo
g1vFoVDKA_c,OH2R9ObnnRA
g1vFoVDKA_c,UOAWps8djuQ
g1vFoVDKA_c,eIns8Y0xegE
g1vFoVDKA_c,Ed3wQVhyJUc
g1vFoVDKA_c,hV23YfxzTMA
g1vFoVDKA_c,Pc1Obe1BWhc
g1vFoVDKA_c,mdnkDgLkQGM
g1vFoVDKA_c,UQniNh_6LOY
g1vFoVDKA_c,mn1-mtmO0Cg
hbTwoLah2VY,DtAmJdK1Jck
hbTwoLah2VY,j1oMVG1ZMlA
hbTwoLah2VY,-4lgt0xQgYA
hbTwoLah2VY,EbLB9mZkpqQ
hbTwoLah2VY,qVi92t54nns
hbTwoLah2VY,ieiQOJ8W6YU
hbTwoLah2VY,CYebJBcLZHA
hbTwoLah2VY,RrW47fEYrwo
hbTwoLah2VY,mt22NvsTRG0
hbTwoLah2VY,KGMoyXYicmM
hbTwoLah2VY,OxN0qnqaYx0
hbTwoLah2VY,wWIz28q4miE
hbTwoLah2VY,bGNv0rbeIpU
hbTwoLah2VY,UQYzXS-S1KQ
hbTwoLah2VY,QvwTGiB9aLQ
hbTwoLah2VY,TaEXgTyBtsU
hbTwoLah2VY,xYShiXMGULE
hbTwoLah2VY,g1vFoVDKA_c
hbTwoLah2VY,Dk9uitzdGXQ
hbTwoLah2VY,o2e2B5wsFsQ
hbTwoLah2VY,3A5-wv-_QbM
hbTwoLah2VY,PGnsiru6GiE
hbTwoLah2VY,ESRAQtXVQL0
hbTwoLah2VY,cp63c52SOhY
ieiQOJ8W6YU,CYebJBcLZHA
ieiQOJ8W6YU,RrW47fEYrwo
ieiQOJ8W6YU,mt22NvsTRG0
ieiQOJ8W6YU,KGMoyXYicmM
ieiQOJ8W6YU,OxN0qnqaYx0
ieiQOJ8W6YU,wWIz28q4miE
ieiQOJ8W6YU,bGNv0rbeIpU
ieiQOJ8W6YU,UQYzXS-S1KQ
ieiQOJ8W6YU,QvwTGiB9aLQ
ieiQOJ8W6YU,TaEXgTyBtsU
ieiQOJ8W6YU,xYShiXMGULE
ieiQOJ8W6YU,g1vFoVDKA_c
ieiQOJ8W6YU,Dk9uitzdGXQ
ieiQOJ8W6YU,o2e2B5wsFsQ
ieiQOJ8W6YU,3A5-wv-_QbM
ieiQOJ8W6YU,PGnsiru6GiE
ieiQOJ8W6YU,ESRAQtXVQL0
ieiQOJ8W6YU,cp63c52SOhY
ieiQOJ8W6YU,47j4fifbaiY
ieiQOJ8W6YU,AsCPBuuguTQ
ieiQOJ8W6YU,o9EXoKb7el4
ieiQOJ8W6YU,4x4CMDvVI78
ieiQOJ8W6YU,6kLYXbNZWRs
ieiQOJ8W6YU,LlrXVkl4VTE
ieiQOJ8W6YU,dGM_E8T1t_E
ieiQOJ8W6YU,zwxWKnUzRq0
ieiQOJ8W6YU,wzfSFKMXIDo
ieiQOJ8W6YU,OH2R9ObnnRA
ieiQOJ8W6YU,UOAWps8djuQ
ieiQOJ8W6YU,eIns8Y0xegE
ieiQOJ8W6YU,Ed3wQVhyJUc
ieiQOJ8W6YU,hV23YfxzTMA
j1oMVG1ZMlA,-4lgt0xQgYA
j1oMVG1ZMlA,EbLB9mZkpqQ
j1oMVG1ZMlA,qVi92t54nns
j1oMVG1ZMlA,ieiQOJ8W6YU
j1oMVG1ZMlA,CYebJBcLZHA
j1oMVG1ZMlA,RrW47fEYrwo
j1oMVG1ZMlA,mt22NvsTRG0
j1oMVG1ZMlA,KGMoyXYicmM
j1oMVG1ZMlA,OxN0qnqaYx0
j1oMVG1ZMlA,wWIz28q4miE
j1oMVG1ZMlA,bGNv0rbeIpU
j1oMVG1ZMlA,UQYzXS-S1KQ
j1oMVG1ZMlA,QvwTGiB9aLQ
j1oMVG1ZMlA,TaEXgTyBtsU
j1oMVG1ZMlA,xYShiXMGULE
j1oMVG1ZMlA,g1vFoVDKA_c
j1oMVG1ZMlA,Dk9uitzdGXQ
j1oMVG1ZMlA,o2e2B5wsFsQ
j1oMVG1ZMlA,3A5-wv-_QbM
j1oMVG1ZMlA,PGnsiru6GiE
j1oMVG1ZMlA,ESRAQtXVQL0
j1oMVG1ZMlA,cp63c52SOhY
j1oMVG1ZMlA,47j4fifbaiY
j1oMVG1ZMlA,AsCPBuuguTQ
j1oMVG1ZMlA,o9EXoKb7el4
j1oMVG1ZMlA,4x4CMDvVI78
j1oMVG1ZMlA,6kLYXbNZWRs
j1oMVG1ZMlA,LlrXVkl4VTE
j1oMVG1ZMlA,dGM_E8T1t_E
j1oMVG1ZMlA,zwxWKnUzRq0
j1oMVG1ZMlA,wzfSFKMXIDo
j1oMVG1ZMlA,OH2R9ObnnRA
mt22NvsTRG0,KGMoyXYicmM
mt22NvsTRG0,OxN0qnqaYx0
mt22NvsTRG0,wWIz28q4miE
mt22NvsTRG0,bGNv0rbeIpU
mt22NvsTRG0,UQYzXS-S1KQ
mt22NvsTRG0,QvwTGiB9aLQ
mt22NvsTRG0,TaEXgTyBtsU
mt22NvsTRG0,xYShiXMGULE
mt22NvsTRG0,g1vFoVDKA_c
mt22NvsTRG0,Dk9uitzdGXQ
mt22NvsTRG0,o2e2B5wsFsQ
mt22NvsTRG0,3A5-wv-_QbM
mt22NvsTRG0,PGnsiru6GiE
mt22NvsTRG0,ESRAQtXVQL0
mt22NvsTRG0,cp63c52SOhY
mt22NvsTRG0,47j4fifbaiY
mt22NvsTRG0,AsCPBuuguTQ
mt22NvsTRG0,o9EXoKb7el4
mt22NvsTRG0,4x4CMDvVI78
mt22NvsTRG0,6kLYXbNZWRs
mt22NvsTRG0,LlrXVkl4VTE
mt22NvsTRG0,dGM_E8T1t_E
mt22NvsTRG0,zwxWKnUzRq0
mt22NvsTRG0,wzfSFKMXIDo
mt22NvsTRG0,OH2R9ObnnRA
mt22NvsTRG0,UOAWps8djuQ
mt22NvsTRG0,eIns8Y0xegE
mt22NvsTRG0,Ed3wQVhyJUc
mt22NvsTRG0,hV23YfxzTMA
mt22NvsTRG0,Pc1Obe1BWhc
nEkWlXGdWKA,ZYKUXMAou3Q
nEkWlXGdWKA,YGtzcZsthos
nEkWlXGdWKA,hbTwoLah2VY
nEkWlXGdWKA,DtAmJdK1Jck
nEkWlXGdWKA,j1oMVG1ZMlA
nEkWlXGdWKA,-4lgt0xQgYA
nEkWlXGdWKA,EbLB9mZkpqQ
nEkWlXGdWKA,qVi92t54nns
nEkWlXGdWKA,ieiQOJ8W6YU
nEkWlXGdWKA,CYebJBcLZHA
nEkWlXGdWKA,RrW47fEYrwo
nEkWlXGdWKA,mt22NvsTRG0
nEkWlXGdWKA,KGMoyXYicmM
nEkWlXGdWKA,OxN0qnqaYx0
nEkWlXGdWKA,wWIz28q4miE
nEkWlXGdWKA,bGNv0rbeIpU
nEkWlXGdWKA,UQYzXS-S1KQ
nEkWlXGdWKA,QvwTGiB9aLQ
nEkWlXGdWKA,TaEXgTyBtsU
nEkWlXGdWKA,xYShiXMGULE
nEkWlXGdWKA,g1vFoVDKA_c
nEkWlXGdWKA,Dk9uitzdGXQ
nEkWlXGdWKA,o2e2B5wsFsQ
o2e2B5wsFsQ,3A5-wv-_QbM
o2e2B5wsFsQ,PGnsiru6GiE
o2e2B5wsFsQ,ESRAQtXVQL0
o2e2B5wsFsQ,cp63c52SOhY
o2e2B5wsFsQ,47j4fifbaiY
o2e2B5wsFsQ,AsCPBuuguTQ
o2e2B5wsFsQ,o9EXoKb7el4
o2e2B5wsFsQ,4x4CMDvVI78
o2e2B5wsFsQ,6kLYXbNZWRs
o2e2B5wsFsQ,LlrXVkl4VTE
o2e2B5wsFsQ,dGM_E8T1t_E
o2e2B5wsFsQ,zwxWKnUzRq0
o2e2B5wsFsQ,wzfSFKMXIDo
o2e2B5wsFsQ,OH2R9ObnnRA
o2e2B5wsFsQ,UOAWps8djuQ
o2e2B5wsFsQ,eIns8Y0xegE
o2e2B5wsFsQ,Ed3wQVhyJUc
o2e2B5wsFsQ,hV23YfxzTMA
o2e2B5wsFsQ,Pc1Obe1BWhc
o2e2B5wsFsQ,mdnkDgLkQGM
o2e2B5wsFsQ,UQniNh_6LOY
o2e2B5wsFsQ,mn1-mtmO0Cg
oWjxSkJpxFU,oWjxSkJpxFU
oWjxSkJpxFU,oWjxSkJpxFU
oWjxSkJpxFU,RQZr2NgKPiU
oWjxSkJpxFU,p1DAEZNyJ8E
oWjxSkJpxFU,BplJQtpfero
oWjxSkJpxFU,oWjxSkJpxFU
oWjxSkJpxFU,RQZr2NgKPiU
oWjxSkJpxFU,p1DAEZNyJ8E
oWjxSkJpxFU,BplJQtpfero
oWjxSkJpxFU,WA0Ek8RT20s
oWjxSkJpxFU,HnCU20Cu0fs
oWjxSkJpxFU,RQZr2NgKPiU
oWjxSkJpxFU,p1DAEZNyJ8E
oWjxSkJpxFU,BplJQtpfero
oWjxSkJpxFU,WA0Ek8RT20s
oWjxSkJpxFU,HnCU20Cu0fs
obRG-2jurz0,pwGbwYAfSmg
obRG-2jurz0,0gLWN3uq74o
obRG-2jurz0,EW3KD4kqqug
obRG-2jurz0,nEkWlXGdWKA
obRG-2jurz0,ZYKUXMAou3Q
obRG-2jurz0,YGtzcZsthos
obRG-2jurz0,hbTwoLah2VY
obRG-2jurz0,DtAmJdK1Jck
obRG-2jurz0,j1oMVG1ZMlA
obRG-2jurz0,-4lgt0xQgYA
obRG-2jurz0,EbLB9mZkpqQ
obRG-2jurz0,qVi92t54nns
obRG-2jurz0,ieiQOJ8W6YU
obRG-2jurz0,CYebJBcLZHA
obRG-2jurz0,RrW47fEYrwo
obRG-2jurz0,mt22NvsTRG0
obRG-2jurz0,KGMoyXYicmM
obRG-2jurz0,OxN0qnqaYx0
obRG-2jurz0,wWIz28q4miE
obRG-2jurz0,bGNv0rbeIpU
obRG-2jurz0,UQYzXS-S1KQ
obRG-2jurz0,QvwTGiB9aLQ
obRG-2jurz0,TaEXgTyBtsU
obRG-2jurz0,xYShiXMGULE
obRG-2jurz0,g1vFoVDKA_c
obRG-2jurz0,Dk9uitzdGXQ
p1DAEZNyJ8E,BplJQtpfero
p1DAEZNyJ8E,WA0Ek8RT20s
p1DAEZNyJ8E,HnCU20Cu0fs
p1DAEZNyJ8E,Tz50vEX0nwE
p1DAEZNyJ8E,rbRoZyuOijk
p1DAEZNyJ8E,6dIjeUB51-s
p1DAEZNyJ8E,BqD0umu1mRA
p1DAEZNyJ8E,Qrl3bU1-vvE
p1DAEZNyJ8E,p1DAEZNyJ8E
p1DAEZNyJ8E,ENDfYD-4giE
p1DAEZNyJ8E,XYQmNB9FMcE
p1DAEZNyJ8E,obRG-2jurz0
p1DAEZNyJ8E,pwGbwYAfSmg
p1DAEZNyJ8E,ENDfYD-4giE
p1DAEZNyJ8E,XYQmNB9FMcE
p1DAEZNyJ8E,obRG-2jurz0
p1DAEZNyJ8E,pwGbwYAfSmg
p1DAEZNyJ8E,0gLWN3uq74o
p1DAEZNyJ8E,EW3KD4kqqug
p1DAEZNyJ8E,nEkWlXGdWKA
p1DAEZNyJ8E,ZYKUXMAou3Q
p1DAEZNyJ8E,YGtzcZsthos
p1DAEZNyJ8E,hbTwoLah2VY
p1DAEZNyJ8E,DtAmJdK1Jck
p1DAEZNyJ8E,j1oMVG1ZMlA
p1DAEZNyJ8E,-4lgt0xQgYA
p1DAEZNyJ8E,EbLB9mZkpqQ
p1DAEZNyJ8E,qVi92t54nns
p1DAEZNyJ8E,ieiQOJ8W6YU
p1DAEZNyJ8E,CYebJBcLZHA
pwGbwYAfSmg,0gLWN3uq74o
pwGbwYAfSmg,EW3KD4kqqug
pwGbwYAfSmg,nEkWlXGdWKA
pwGbwYAfSmg,ZYKUXMAou3Q
pwGbwYAfSmg,YGtzcZsthos
pwGbwYAfSmg,hbTwoLah2VY
pwGbwYAfSmg,DtAmJdK1Jck
pwGbwYAfSmg,j1oMVG1ZMlA
pwGbwYAfSmg,-4lgt0xQgYA
pwGbwYAfSmg,EbLB9mZkpqQ
pwGbwYAfSmg,qVi92t54nns
pwGbwYAfSmg,ieiQOJ8W6YU
pwGbwYAfSmg,CYebJBcLZHA
pwGbwYAfSmg,RrW47fEYrwo
pwGbwYAfSmg,mt22NvsTRG0
pwGbwYAfSmg,KGMoyXYicmM
pwGbwYAfSmg,OxN0qnqaYx0
pwGbwYAfSmg,wWIz28q4miE
pwGbwYAfSmg,bGNv0rbeIpU
pwGbwYAfSmg,UQYzXS-S1KQ
pwGbwYAfSmg,QvwTGiB9aLQ
pwGbwYAfSmg,TaEXgTyBtsU
pwGbwYAfSmg,xYShiXMGULE
pwGbwYAfSmg,g1vFoVDKA_c
pwGbwYAfSmg,Dk9uitzdGXQ
qVi92t54nns,ieiQOJ8W6YU
qVi92t54nns,CYebJBcLZHA
qVi92t54nns,RrW47fEYrwo
qVi92t54nns,mt22NvsTRG0
qVi92t54nns,KGMoyXYicmM
qVi92t54nns,OxN0qnqaYx0
qVi92t54nns,wWIz28q4miE
qVi92t54nns,bGNv0rbeIpU
qVi92t54nns,UQYzXS-S1KQ
qVi92t54nns,QvwTGiB9aLQ
qVi92t54nns,TaEXgTyBtsU
qVi92t54nns,xYShiXMGULE
qVi92t54nns,g1vFoVDKA_c
qVi92t54nns,Dk9uitzdGXQ
qVi92t54nns,o2e2B5wsFsQ
qVi92t54nns,3A5-wv-_QbM
qVi92t54nns,PGnsiru6GiE
qVi92t54nns,ESRAQtXVQL0
qVi92t54nns,cp63c52SOhY
qVi92t54nns,47j4fifbaiY
qVi92t54nns,AsCPBuuguTQ
qVi92t54nns,o9EXoKb7el4
qVi92t54nns,4x4CMDvVI78
qVi92t54nns,6kLYXbNZWRs
qVi92t54nns,LlrXVkl4VTE
qVi92t54nns,dGM_E8T1t_E
qVi92t54nns,zwxWKnUzRq0
qVi92t54nns,wzfSFKMXIDo
qVi92t54nns,OH2R9ObnnRA
qVi92t54nns,UOAWps8djuQ
qVi92t54nns,eIns8Y0xegE
qVi92t54nns,Ed3wQVhyJUc
qVi92t54nns,hV23YfxzTMA
rbRoZyuOijk,6dIjeUB51-s
rbRoZyuOijk,BqD0umu1mRA
rbRoZyuOijk,Qrl3bU1-vvE
rbRoZyuOijk,p1DAEZNyJ8E
rbRoZyuOijk,ENDfYD-4giE
rbRoZyuOijk,XYQmNB9FMcE
rbRoZyuOijk,obRG-2jurz0
rbRoZyuOijk,pwGbwYAfSmg
rbRoZyuOijk,0gLWN3uq74o
rbRoZyuOijk,EW3KD4kqqug
rbRoZyuOijk,nEkWlXGdWKA
rbRoZyuOijk,ZYKUXMAou3Q
rbRoZyuOijk,YGtzcZsthos
rbRoZyuOijk,hbTwoLah2VY
wWIz28q4miE,bGNv0rbeIpU
wWIz28q4miE,UQYzXS-S1KQ
wWIz28q4miE,QvwTGiB9aLQ
wWIz28q4miE,TaEXgTyBtsU
wWIz28q4miE,xYShiXMGULE
wWIz28q4miE,g1vFoVDKA_c
wWIz28q4miE,Dk9uitzdGXQ
wWIz28q4miE,o2e2B5wsFsQ
wWIz28q4miE,3A5-wv-_QbM
wWIz28q4miE,PGnsiru6GiE
wWIz28q4miE,ESRAQtXVQL0
wWIz28q4miE,cp63c52SOhY
wWIz28q4miE,47j4fifbaiY
wWIz28q4miE,AsCPBuuguTQ
wWIz28q4miE,o9EXoKb7el4
wWIz28q4miE,4x4CMDvVI78
wWIz28q4miE,6kLYXbNZWRs
wWIz28q4miE,LlrXVkl4VTE
wWIz28q4miE,dGM_E8T1t_E
wWIz28q4miE,zwxWKnUzRq0
wWIz28q4miE,wzfSFKMXIDo
wWIz28q4miE,OH2R9ObnnRA
wWIz28q4miE,UOAWps8djuQ
wWIz28q4miE,eIns8Y0xegE
wWIz28q4miE,Ed3wQVhyJUc
wWIz28q4miE,hV23YfxzTMA
wWIz28q4miE,Pc1Obe1BWhc
wWIz28q4miE,mdnkDgLkQGM
xYShiXMGULE,g1vFoVDKA_c
xYShiXMGULE,Dk9uitzdGXQ
xYShiXMGULE,o2e2B5wsFsQ
xYShiXMGULE,3A5-wv-_QbM
xYShiXMGULE,PGnsiru6GiE
xYShiXMGULE,ESRAQtXVQL0
xYShiXMGULE,cp63c52SOhY
xYShiXMGULE,47j4fifbaiY
xYShiXMGULE,AsCPBuuguTQ
xYShiXMGULE,o9EXoKb7el4
xYShiXMGULE,4x4CMDvVI78
xYShiXMGULE,6kLYXbNZWRs
xYShiXMGULE,LlrXVkl4VTE
xYShiXMGULE,dGM_E8T1t_E
xYShiXMGULE,zwxWKnUzRq0
xYShiXMGULE,wzfSFKMXIDo
xYShiXMGULE,OH2R9ObnnRA
xYShiXMGULE,UOAWps8djuQ
xYShiXMGULE,eIns8Y0xegE
xYShiXMGULE,Ed3wQVhyJUc
xYShiXMGULE,hV23YfxzTMA
xYShiXMGULE,Pc1Obe1BWhc
xYShiXMGULE,mdnkDgLkQGM
xYShiXMGULE,UQniNh_6LOY
xYShiXMGULE,mn1-mtmO0Cg
